extraworkout_id,workout_name,workout_description,visible,extra_image,with_player,minute,days,ckcal,product_id,focus,equipment,seven_days_plan
1,WEIGHT LOSE PLAN,,0,imgExtra2,1,45,3,450,com.vgfit.sevenminutes.weightlose,wheightLooseFOCUS,wheightLooseEQUIPMENT,wheightLoose7DAYSPLAN
2,BUILD MUSCLE PLAN,,0,imgExtra1,1,58,4,320,com.vgfit.sevenminutes.buildmuscle,buildMuscleFOCUS,buildMuscleEQUIPMENT,buildMuscle7DAYSPLAN
3,ABS & CORE,,0,imgWeightLosePlan2,1,20,3,300,com.vgfit.sevenminutes.absandcore,absAndCoreFOCUS,absAndCoreEQUIPMENT,absAndCore7DAYSPLAN
4,FUNCTIONAL WORKOUTS,,0,imgExtraPlans04,1,75,7,920, ,functionalFOCUS,functionalEQUIPMENT,functional7DAYSPLAN
