extrasuperset_id,extrasuperset_name,extraworkout_id,round,default_time,extrasuperset_image,rest_time_btwn_exercise,rest_time_btwn_rounds,work_time,kcal,muscle_group,exercises,extrasuperset_equipment
1,DAY 1,1,2,40,imgWeightLosePlan7,10,30,20,150,CHEST | ARMS | ABS,11,MAT •  BENCH
2,DAY 2,1,1,40,imgWeightLosePlan6,10,30,17,100,CARDIO,,NONE
3,DAY 3,1,2,40,imgWeightLosePlan5,10,30,24,150,BACK | ARMS | ABS,13,MAT •  BARBELL •  DUMBBELLS
4,DAY 4,1,1,40,imgWeightLosePlan4,10,30,9,100,HIIT WORKOUT,10,NONE
5,DAY 5,1,2,40,imgWeightLosePlan3,10,30,20,150,SHOULDERS | TRICEPS,11,MAT •  DUMBBELLS
6,DAY 6,1,1,35,imgWeightLosePlan2,10,30,7,100,CARDIO,10,NONE
7,DAY 7,1,1,30,imgWeightLosePlan1,10,30,15,250,ACTIVE REST DAY,,NONE
8,DAY 1,2,1,36,imgBuildMusclePlan7,10,30,18,180,CHEST | TRICEPS ,7,BENCH •  BARBELLS •  DUMBBELS
9,DAY 2,2,1,36,imgBuildMusclePlan6,10,30,15,180,BACK | BICEPS,6,BARBELL •  DUMBBELLS
10,DAY 3,2,1,30,imgBuildMusclePlan5,10,30,15,250,CARDIO,,NONE
11,DAY 4,2,1,36,imgBuildMusclePlan4,10,30,15,180,LEGS | CALVES,6,BARBELL
12,DAY 5,2,1,36,imgBuildMusclePlan3,10,30,15,180,SHOULDERS | TRAPS,6,BENCH •  BARBELLS •  DUMBBELS
13,DAY 6,2,1,30,imgBuildMusclePlan2,10,30,15,100,CARDIO,,NONE
14,DAY 7,2,1,30,imgBuildMusclePlan1,10,30,15,250,ACTIVE REST DAY,,NONE
15,DAY 1,3,1,40,imgAbsCorePlan7,10,30,7,100,ABS ROUTINE,8,NONE
16,DAY 2,3,1,40,imgAbsCorePlan6,10,30,15,250,CARDIO,,NONE
17,DAY 3,3,1,40,imgAbsCorePlan5,10,30,9,100,ABS ROUTINE,10,NONE
18,DAY 4,3,1,40,imgAbsCorePlan4,10,30,15,250,CARDIO,,NONE
19,DAY 5,3,1,40,imgAbsCorePlan3,10,30,7,100,ABS ROUTINE,8,NONE
20,DAY 6,3,1,40,imgAbsCorePlan2,10,30,15,250,CARDIO,,NONE
21,DAY 7,3,1,40,imgAbsCorePlan1,10,30,15,250,ACTIVE REST DAY,,NONE
22,DAY 1,4,1,30,imgExtraPlans041,10,30,8,110,HIIT WORKOUT,15,BENCH •  BARBELLS •  DUMBBELS
23,DAY 2,4,2,30,imgExtraPlans042,10,30,10,155,LEGS | CALVES,10,BENCH •  BARBELLS •  DUMBBELS
24,DAY 3,4,1,40,imgExtraPlans043,15,30,15,175,ARMS | ABS,22,BENCH •  BARBELLS •  DUMBBELS
25,DAY 4,4,1,30,imgExtraPlans044,15,30,8,110,CHEST | ARMS | ABS,15,MAT •  BARBELL •  DUMBBELLS
26,DAY 5,4,1,40,imgExtraPlans045,15,30,14,170,BACK | ARMS | ABS,22,MAT •  BARBELL •  DUMBBELLS
27,DAY 6,4,1,40,imgExtraPlans046,10,30,8,110,HIIT WORKOUT,12,MAT •  BENCH
28,DAY 7,4,1,40,imgExtraPlans047,10,30,10,250,ACTIVE REST DAY,,NONE
