mealID,image,name,ingredients,steps
1,name1,name1,ingredients1,steps1
2,name2,name2,ingredients2,steps2
3,name3,name3,ingredients3,steps3
4,name4,name4,ingredients4,steps4
5,name1,name5,ingredients5,steps5
6,name6,name6,ingredients6,steps6
7,name7,name7,ingredients7,steps7
8,name8,name8,ingredients8,steps8
9,name9,name9,ingredients9,steps9
10,name10,name10,ingredients10,steps10
11,name11,name11,ingredients11,steps11
12,name12,name12,ingredients12,steps12
13,name13,name13,ingredients13,steps13
14,name14,name14,ingredients14,steps14
15,name15,name15,ingredients15,steps15
16,name16,name16,ingredients16,steps16
17,name17,name17,ingredients17,steps17
18,name18,name18,ingredients18,steps18
19,name19,name19,ingredients19,steps19
20,name20,name20,ingredients20,steps20
21,name21,name21,ingredients21,steps21
22,name22,name22,ingredients22,steps22
23,name23,name23,ingredients23,steps23
24,name24,name24,ingredients24,steps24
25,name25,name25,ingredients25,steps25
26,name26,name26,ingredients26,steps26
27,name27,name27,ingredients27,steps27
28,name28,name28,ingredients28,steps28
29,name29,name29,ingredients29,steps29
30,name30,name30,ingredients30,steps30
31,name31,name31,ingredients31,steps31
32,name32,name32,ingredients32,steps32
33,name33,name33,ingredients33,steps33
34,name34,name34,ingredients34,steps34
35,name35,name35,ingredients35,steps35
36,name36,name36,ingredients36,steps36
37,name37,name37,ingredients37,steps37
38,name38,name38,ingredients38,steps38
39,name39,name39,ingredients39,steps39
40,name40,name40,ingredients40,steps40
41,name41,name41,ingredients41,steps41
42,name42,name42,ingredients42,steps42
43,name43,name43,ingredients43,steps43
44,name44,name44,ingredients44,steps44
45,name45,name45,ingredients45,steps45
46,name46,name46,ingredients46,steps46
47,name47,name47,ingredients47,steps47
48,name48,name48,ingredients48,steps48
49,name49,name49,ingredients49,steps49
50,name50,name50,ingredients50,steps50
51,name51,name51,ingredients51,steps51
52,name52,name52,ingredients52,steps52
53,name53,name53,ingredients53,steps53
54,name54,name54,ingredients54,steps54
55,name55,name55,ingredients55,steps55
56,name56,name56,ingredients56,steps56
57,name57,name57,ingredients57,steps57
58,name58,name58,ingredients58,steps58
59,name59,name59,ingredients59,steps59
60,name60,name60,ingredients60,steps60
61,name61,name61,ingredients61,steps61
62,name62,name62,ingredients62,steps62
