nutritionDayID,nutritionPlanID,title,image,details,dayOrder
1,1,titleDay1,imgExtraPlansNbmDay1,descriptionDay1,1
2,1,titleDay2,imgExtraPlansNbmDay2,descriptionDay2,2
3,1,titleDay3,imgExtraPlansNbmDay3,descriptionDay3,3
4,1,titleDay4,imgExtraPlansNbmDay4,descriptionDay4,4
5,1,titleDay5,imgExtraPlansNbmDay5,descriptionDay5,5
6,1,titleDay6,imgExtraPlansNbmDay6,descriptionDay6,6
7,1,titleDay7,imgExtraPlansNbmDay7,descriptionDay7,7
8,2,titleDay8,imgExtraPlansNwlDay1,descriptionDay8,1
9,2,titleDay9,imgExtraPlansNwlDay2,descriptionDay9,2
10,2,titleDay10,imgExtraPlansNwlDay3,descriptionDay10,3
11,2,titleDay11,imgExtraPlansNwlDay4,descriptionDay11,4
12,2,titleDay12,imgExtraPlansNbmDay5,descriptionDay12,5
13,2,titleDay13,imgExtraPlansNwlDay6,descriptionDay13,6
14,2,titleDay14,imgExtraPlansNwlDay7,descriptionDay14,7
